{"cameraMode":{"drawMode":0,"name":"Shaded","section":"Shading Mode"},"sceneLighting":false,"audioPlay":false,"sceneViewState":{"showFog":true,"showMaterialUpdate":false,"showSkybox":false,"showFlares":true,"showImageEffects":true,"showParticleSystems":true,"showVisualEffectGraphs":true,"m_FxEnabled":true},"in2DMode":false,"pivot":{"x":0.0000018477439880371094,"y":0.8428759574890137,"z":0.03344595432281494},"rotation":{"x":-0.06464007496833801,"y":0.06192905828356743,"z":-0.0040205069817602638,"w":-0.9959914684295654},"size":1.1747313737869263,"orthographic":false}