{"cameraMode":{"drawMode":0,"name":"Shaded","section":"Shading Mode"},"sceneLighting":false,"audioPlay":false,"sceneViewState":{"showFog":true,"showMaterialUpdate":false,"showSkybox":false,"showFlares":true,"showImageEffects":true,"showParticleSystems":true,"showVisualEffectGraphs":true,"m_FxEnabled":true},"in2DMode":false,"pivot":{"x":-0.5358573198318481,"y":2.2411510944366457,"z":-1.0044810771942139},"rotation":{"x":-0.004220136441290379,"y":0.9958333969116211,"z":-0.06612846255302429,"w":-0.06333400309085846},"size":3.2522060871124269,"orthographic":false}