{"cameraMode":{"drawMode":0,"name":"Shaded","section":"Shading Mode"},"sceneLighting":false,"audioPlay":false,"sceneViewState":{"showFog":true,"showMaterialUpdate":false,"showSkybox":false,"showFlares":true,"showImageEffects":true,"showParticleSystems":true,"showVisualEffectGraphs":true,"m_FxEnabled":true},"in2DMode":false,"pivot":{"x":0.23149073123931886,"y":0.10164141654968262,"z":-0.2616487741470337},"rotation":{"x":-0.17010878026485444,"y":-0.06439930945634842,"z":0.01114178728312254,"w":-0.983257532119751},"size":3.345553398132324,"orthographic":false}