{"cameraMode":{"drawMode":0,"name":"Shaded","section":"Shading Mode"},"sceneLighting":false,"audioPlay":false,"sceneViewState":{"showFog":true,"showMaterialUpdate":false,"showSkybox":true,"showFlares":true,"showImageEffects":true,"showParticleSystems":true,"showVisualEffectGraphs":true,"m_FxEnabled":true},"in2DMode":false,"pivot":{"x":-0.06748896837234497,"y":-3.7331559658050539,"z":-0.1908147931098938},"rotation":{"x":0.004053815733641386,"y":0.9952372908592224,"z":-0.08561112731695175,"w":0.047296132892370227},"size":2.545424222946167,"orthographic":false}