{"cameraMode":{"drawMode":0,"name":"Shaded","section":"Shading Mode"},"sceneLighting":false,"audioPlay":false,"sceneViewState":{"showFog":true,"showMaterialUpdate":false,"showSkybox":true,"showFlares":true,"showImageEffects":true,"showParticleSystems":true,"showVisualEffectGraphs":true,"m_FxEnabled":true},"in2DMode":false,"pivot":{"x":1.7095900774002076,"y":-1.720360279083252,"z":-0.1290435791015625},"rotation":{"x":-0.01679922081530094,"y":-0.03389081731438637,"z":0.0005688425153493881,"w":-0.9993011355400086},"size":5.473985195159912,"orthographic":false}