{"cameraMode":{"drawMode":0,"name":"Shaded","section":"Shading Mode"},"sceneLighting":false,"audioPlay":false,"sceneViewState":{"showFog":true,"showMaterialUpdate":false,"showSkybox":true,"showFlares":true,"showImageEffects":true,"showParticleSystems":true,"showVisualEffectGraphs":true,"m_FxEnabled":true},"in2DMode":false,"pivot":{"x":0.7349523305892944,"y":-2.437253713607788,"z":-1.3451051712036133},"rotation":{"x":-0.07372767478227616,"y":0.020041240379214288,"z":-0.0014818347990512848,"w":-0.9970787167549133},"size":5.998781681060791,"orthographic":false}