{"cameraMode":{"drawMode":0,"name":"Shaded","section":"Shading Mode"},"sceneLighting":false,"audioPlay":false,"sceneViewState":{"showFog":true,"showMaterialUpdate":false,"showSkybox":false,"showFlares":true,"showImageEffects":true,"showParticleSystems":true,"showVisualEffectGraphs":true,"m_FxEnabled":true},"in2DMode":false,"pivot":{"x":-0.6712316274642944,"y":1.0139601230621338,"z":-0.5951786041259766},"rotation":{"x":-0.07972028106451035,"y":0.011061991564929486,"z":-0.000884516688529402,"w":-0.996757984161377},"size":1.2757737636566163,"orthographic":false}