{"cameraMode":{"drawMode":0,"name":"Shaded","section":"Shading Mode"},"sceneLighting":false,"audioPlay":false,"sceneViewState":{"showFog":true,"showMaterialUpdate":false,"showSkybox":false,"showFlares":true,"showImageEffects":true,"showParticleSystems":true,"showVisualEffectGraphs":true,"m_FxEnabled":true},"in2DMode":false,"pivot":{"x":0.4584358036518097,"y":2.974635601043701,"z":0.15798330307006837},"rotation":{"x":-0.008629185147583485,"y":0.7131794691085815,"z":-0.008778496645390988,"w":-0.7008768320083618},"size":2.2656540870666506,"orthographic":false}