{"cameraMode":{"drawMode":0,"name":"Shaded","section":"Shading Mode"},"sceneLighting":true,"audioPlay":false,"sceneViewState":{"showFog":true,"showMaterialUpdate":false,"showSkybox":true,"showFlares":true,"showImageEffects":true,"showParticleSystems":true,"showVisualEffectGraphs":true,"m_FxEnabled":true},"in2DMode":false,"pivot":{"x":2.0182323455810549,"y":-1.7300140857696534,"z":2.2222096920013429},"rotation":{"x":0.03600188344717026,"y":0.005106941796839237,"z":-0.00018942783935926855,"w":0.9993551969528198},"size":6.224904537200928,"orthographic":false}