{"cameraMode":{"drawMode":0,"name":"Shaded","section":"Shading Mode"},"sceneLighting":true,"audioPlay":false,"sceneViewState":{"showFog":true,"showMaterialUpdate":false,"showSkybox":true,"showFlares":true,"showImageEffects":true,"showParticleSystems":true,"showVisualEffectGraphs":true,"m_FxEnabled":true},"in2DMode":false,"pivot":{"x":0.9712516069412231,"y":7.763532638549805,"z":2.017190456390381},"rotation":{"x":0.11941834539175034,"y":0.011329460889101029,"z":-0.0013509594136849046,"w":0.9928006529808044},"size":24.294782638549806,"orthographic":false}