{"cameraMode":{"drawMode":0,"name":"Shaded","section":"Shading Mode"},"sceneLighting":true,"audioPlay":false,"sceneViewState":{"showFog":true,"showMaterialUpdate":false,"showSkybox":true,"showFlares":true,"showImageEffects":true,"showParticleSystems":true,"showVisualEffectGraphs":true,"m_FxEnabled":true},"in2DMode":false,"pivot":{"x":253.28355407714845,"y":214.65919494628907,"z":3.5856523513793947},"rotation":{"x":-0.0035907921846956016,"y":-0.5236501693725586,"z":0.0021959308069199325,"w":-0.8519584536552429},"size":362.9775695800781,"orthographic":false}