{"cameraMode":{"drawMode":0,"name":"Shaded","section":"Shading Mode"},"sceneLighting":true,"audioPlay":false,"sceneViewState":{"showFog":true,"showMaterialUpdate":false,"showSkybox":true,"showFlares":true,"showImageEffects":true,"showParticleSystems":true,"showVisualEffectGraphs":true,"m_FxEnabled":true},"in2DMode":false,"pivot":{"x":0.22486373782157899,"y":-3.5353519916534426,"z":-0.40090057253837588},"rotation":{"x":0.12118030339479447,"y":0.022937625646591188,"z":-0.002807340584695339,"w":0.9923765659332275},"size":2.839993476867676,"orthographic":false}