{"cameraMode":{"drawMode":0,"name":"Shaded","section":"Shading Mode"},"sceneLighting":true,"audioPlay":false,"sceneViewState":{"showFog":true,"showMaterialUpdate":false,"showSkybox":true,"showFlares":true,"showImageEffects":true,"showParticleSystems":true,"showVisualEffectGraphs":true,"m_FxEnabled":true},"in2DMode":false,"pivot":{"x":921.2894897460938,"y":590.4124755859375,"z":-845.2923583984375},"rotation":{"x":0.047454576939344409,"y":0.09963402152061463,"z":-0.0047529349103569988,"w":0.9939092397689819},"size":617.3795166015625,"orthographic":false}