{"cameraMode":{"drawMode":0,"name":"Shaded","section":"Shading Mode"},"sceneLighting":true,"audioPlay":false,"sceneViewState":{"showFog":true,"showMaterialUpdate":false,"showSkybox":true,"showFlares":true,"showImageEffects":true,"showParticleSystems":true,"showVisualEffectGraphs":true,"m_FxEnabled":true},"in2DMode":false,"pivot":{"x":0.2758523225784302,"y":-1.7636568546295167,"z":0.22853419184684754},"rotation":{"x":0.047454576939344409,"y":0.09963402152061463,"z":-0.0047529349103569988,"w":0.9939092397689819},"size":2.6958799362182619,"orthographic":false}