{"cameraMode":{"drawMode":0,"name":"Shaded","section":"Shading Mode"},"sceneLighting":false,"audioPlay":false,"sceneViewState":{"showFog":true,"showMaterialUpdate":false,"showSkybox":false,"showFlares":true,"showImageEffects":true,"showParticleSystems":true,"showVisualEffectGraphs":true,"m_FxEnabled":true},"in2DMode":false,"pivot":{"x":1.3361119031906129,"y":-3.2837612628936769,"z":0.14627185463905335},"rotation":{"x":0.095857635140419,"y":-0.011337672360241413,"z":0.0010855293367058039,"w":0.9953442811965942},"size":1.0108236074447632,"orthographic":false}