{"cameraMode":{"drawMode":0,"name":"Shaded","section":"Shading Mode"},"sceneLighting":false,"audioPlay":false,"sceneViewState":{"showFog":true,"showMaterialUpdate":false,"showSkybox":false,"showFlares":true,"showImageEffects":true,"showParticleSystems":true,"showVisualEffectGraphs":true,"m_FxEnabled":true},"in2DMode":false,"pivot":{"x":-0.0009738802909851074,"y":1.147726058959961,"z":0.057044148445129397},"rotation":{"x":-0.07972028106451035,"y":0.011061991564929486,"z":-0.000884516688529402,"w":-0.996757984161377},"size":1.5080857276916505,"orthographic":false}