{"cameraMode":{"drawMode":0,"name":"Shaded","section":"Shading Mode"},"sceneLighting":false,"audioPlay":false,"sceneViewState":{"showFog":true,"showMaterialUpdate":false,"showSkybox":false,"showFlares":true,"showImageEffects":true,"showParticleSystems":true,"showVisualEffectGraphs":true,"m_FxEnabled":true},"in2DMode":false,"pivot":{"x":3.1021127700805666,"y":1.5393019914627076,"z":3.232752799987793},"rotation":{"x":-0.08570276945829392,"y":0.006573210470378399,"z":-0.000565217575058341,"w":-0.9963014125823975},"size":1.4297683238983155,"orthographic":false}