{"cameraMode":{"drawMode":0,"name":"Shaded","section":"Shading Mode"},"sceneLighting":false,"audioPlay":false,"sceneViewState":{"showFog":true,"showMaterialUpdate":false,"showSkybox":false,"showFlares":true,"showImageEffects":true,"showParticleSystems":true,"showVisualEffectGraphs":true,"m_FxEnabled":true},"in2DMode":false,"pivot":{"x":-17.964139938354493,"y":-6.271374225616455,"z":38.929264068603519},"rotation":{"x":-0.038261719048023227,"y":0.1471676379442215,"z":0.005692363251000643,"w":0.9883902668952942},"size":5.687469005584717,"orthographic":false}