{"cameraMode":{"drawMode":0,"name":"Shaded","section":"Shading Mode"},"sceneLighting":false,"audioPlay":false,"sceneViewState":{"showFog":true,"showMaterialUpdate":false,"showSkybox":false,"showFlares":true,"showImageEffects":true,"showParticleSystems":true,"showVisualEffectGraphs":true,"m_FxEnabled":true},"in2DMode":false,"pivot":{"x":-0.20183178782463075,"y":0.2765369415283203,"z":0.00027692317962646484},"rotation":{"x":-0.17010878026485444,"y":-0.06439930945634842,"z":0.01114178728312254,"w":-0.983257532119751},"size":1.8859951496124268,"orthographic":false}