{"cameraMode":{"drawMode":0,"name":"Shaded","section":"Shading Mode"},"sceneLighting":true,"audioPlay":false,"sceneViewState":{"showFog":true,"showMaterialUpdate":false,"showSkybox":true,"showFlares":true,"showImageEffects":true,"showParticleSystems":true,"showVisualEffectGraphs":true,"m_FxEnabled":true},"in2DMode":false,"pivot":{"x":-5.0674591064453129,"y":-3.3978261947631838,"z":-0.5702261924743652},"rotation":{"x":-0.0019686527084559204,"y":0.9969226121902466,"z":-0.0737164318561554,"w":-0.026623191311955453},"size":28.810253143310548,"orthographic":false}