{"cameraMode":{"drawMode":0,"name":"Shaded","section":"Shading Mode"},"sceneLighting":true,"audioPlay":false,"sceneViewState":{"showFog":true,"showMaterialUpdate":false,"showSkybox":true,"showFlares":true,"showImageEffects":true,"showParticleSystems":true,"showVisualEffectGraphs":true,"m_FxEnabled":true},"in2DMode":false,"pivot":{"x":-3.351062297821045,"y":15.126441955566407,"z":-5.964941024780273},"rotation":{"x":-0.07972028106451035,"y":0.011061991564929486,"z":-0.000884516688529402,"w":-0.996757984161377},"size":14.491297721862793,"orthographic":false}